{
  "color": {
    "window_bg_color": ["gray95", "gray12"],
    "button": ["#1FA6E8", "#1C94CF"],
    "button_hover": ["#1A89BF", "#1673A1"],
    "button_border": ["gray40", "gray70"],
    "checkbox_border": ["gray40", "gray60"],
    "checkmark": ["white", "gray90"],
    "entry": ["white", "gray24"],
    "entry_border": ["gray70", "gray32"],
    "entry_placeholder_text": ["gray52", "gray62"],
    "frame_border": ["#A7C2E0", "#5FB4DD"],
    "frame_low": ["gray89", "gray18"],
    "frame_high": ["gray84", "gray22"],
    "label": [null, null],
    "text": ["gray20", "gray90"],
    "text_disabled": ["gray60", "gray50"],
    "text_button_disabled": ["gray40", "gray74"],
    "progressbar": ["#6B6B6B", "gray0"],
    "progressbar_progress": ["#3599D6", "#1C94CF"],
    "progressbar_border": ["gray", "gray"],
    "slider": ["#6B6B6B", "gray0"],
    "slider_progress": ["white", "#555555"],
    "slider_button": ["#3599D6", "#1C94CF"],
    "slider_button_hover": ["#1A89BF", "#1673A1"],
    "switch": ["gray70", "gray35"],
    "switch_progress": ["#1FA6E8", "#1C94CF"],
    "switch_button": ["gray36", "gray75"],
    "switch_button_hover": ["gray30", "gray90"]
  },

  "text": {
    "macOS": {
      "font": "SF Display",
      "size": -13
    },
    "Windows": {
      "font": "Roboto",
      "size": -13
    },
    "Linux": {
      "font": "Roboto",
      "size": -13
    }

  },
  "shape": {
    "button_corner_radius": 8,
    "button_border_width": 0,
    "checkbox_corner_radius": 7,
    "checkbox_border_width": 3,
    "radiobutton_corner_radius": 1000,
    "radiobutton_border_width_unchecked": 3,
    "radiobutton_border_width_checked": 6,
    "entry_border_width": 2,
    "frame_corner_radius": 10,
    "frame_border_width": 0,
    "label_corner_radius": 8,
    "progressbar_border_width": 0,
    "progressbar_corner_radius": 1000,
    "slider_border_width": 6,
    "slider_corner_radius": 8,
    "slider_button_length": 0,
    "slider_button_corner_radius": 1000,
    "switch_border_width": 3,
    "switch_corner_radius": 1000,
    "switch_button_corner_radius": 1000,
    "switch_button_length": 0
  }
}